target,feature_1,feature_2,feature_3,avg_R2,FF,FFS,SF,SFS,TF,TFS
sigma_110_s,Mo,a0,tao_110_iss,0.7174810592384825,Mo,0.32885258723115,a0,0.3183208322150976,tao_110_iss,0.07122630715628026
sigma_112_e,Nb,Ta,gamma_110_usf,0.753211406801948,gamma_110_usf,1.0679153317134098,Nb,0.0,Ta,-0.0004930237117160959
sigma_112_e,Nb,Ta,gamma_112_usf,0.7506457505519988,gamma_112_usf,1.0362270773561677,Nb,0.0,Ta,-0.0040100965908169495
sigma_112_e,Nb,Ta,gamma_123_usf,0.7527573162016892,gamma_123_usf,0.9010443086095692,Nb,0.0,Ta,-0.0017519338747009775
sigma_112_e,Nb,Ti,gamma_110_usf,0.7509900070686788,gamma_110_usf,1.023010411861706,Ti,0.002951970727786605,Nb,0.0
sigma_112_e,Nb,Ti,gamma_112_usf,0.7805472709385152,gamma_112_usf,1.0928958040777355,Ti,0.0025988737104209853,Nb,0.0
sigma_112_e,Nb,Ti,gamma_123_usf,0.7755296872295371,gamma_123_usf,1.0624605866342456,Ti,0.0012000407769703185,Nb,0.0
sigma_112_e,Nb,Mo,gamma_110_usf,0.7655825839123122,gamma_110_usf,0.4809152438178839,Mo,0.36025055157887537,Nb,0.0
sigma_112_e,Nb,Mo,gamma_112_usf,0.786303468043855,gamma_112_usf,0.4217492195869021,Mo,0.3540059453259012,Nb,0.0
sigma_112_e,Nb,Mo,gamma_123_usf,0.7629280524040127,gamma_123_usf,0.4065376693236992,Mo,0.38764479893567705,Nb,0.0
sigma_112_e,Nb,Hf,gamma_110_usf,0.802665434286392,gamma_110_usf,0.9751796919718748,Hf,0.005557602872131161,Nb,0.0
sigma_112_e,Nb,Hf,gamma_112_usf,0.7174977464932648,gamma_112_usf,1.0080012895594699,Hf,0.0007062105691482073,Nb,0.0
sigma_112_e,Nb,Hf,gamma_123_usf,0.7548361887950749,gamma_123_usf,1.0636161607714338,Hf,0.0020801046724135976,Nb,0.0
sigma_112_e,Nb,Zr,gamma_112_usf,0.7810887971322091,gamma_112_usf,0.9831585192034225,Nb,0.0,Zr,-0.0003653568252821832
sigma_112_e,Nb,Zr,gamma_123_usf,0.7855446712583108,gamma_123_usf,0.9915964127558019,Zr,4.0119011889522305e-05,Nb,0.0
sigma_112_e,Nb,C11,gamma_123_usf,0.7106576129743923,gamma_123_usf,0.5506647068043399,C11,0.16622641882826092,Nb,0.0
sigma_112_e,Nb,C12,gamma_110_usf,0.7389017050719443,C12,0.4237486951604772,gamma_110_usf,0.33076119322043607,Nb,0.0
sigma_112_e,Nb,C12,gamma_112_usf,0.758515669157804,gamma_112_usf,0.4449734528557567,C12,0.3337674534390618,Nb,0.0
sigma_112_e,Nb,C12,gamma_123_usf,0.7378215309294935,gamma_123_usf,0.40433192412504343,C12,0.33689657136368734,Nb,0.0
sigma_112_e,Nb,C44,gamma_110_usf,0.7159869056682625,gamma_110_usf,0.7579350752975887,C44,0.11148926395122265,Nb,0.0
sigma_112_e,Nb,C44,gamma_112_usf,0.7119126944145145,gamma_112_usf,0.6330367468217121,C44,0.1728995787133056,Nb,0.0
sigma_112_e,Nb,Ecoh_(eV),gamma_110_usf,0.7759267374759835,gamma_110_usf,1.014053449812626,Ecoh_(eV),0.0009528633010466048,Nb,0.0
sigma_112_e,Nb,Ecoh_(eV),gamma_112_usf,0.7461465675504803,gamma_112_usf,1.0584915073074193,Ecoh_(eV),0.002159091998858107,Nb,0.0
sigma_112_e,Nb,Ecoh_(eV),gamma_123_usf,0.7800458891880399,gamma_123_usf,1.0244403547649739,Ecoh_(eV),0.003631375015165602,Nb,0.0
sigma_112_e,Nb,gamma_110_usf,gamma_112_usf,0.7966021472405806,gamma_110_usf,0.39179228929618604,gamma_112_usf,0.38100623729119776,Nb,0.0
sigma_112_e,Nb,gamma_110_usf,gamma_123_usf,0.7949474350309046,gamma_110_usf,0.4706994766974606,gamma_123_usf,0.30322545127701567,Nb,0.0
sigma_112_e,Nb,gamma_110_usf,tao_112_iss,0.7260463941925176,gamma_110_usf,0.7596606376232694,tao_112_iss,0.061610005913758766,Nb,0.0
sigma_112_e,Nb,gamma_112_usf,gamma_123_usf,0.7944836703463621,gamma_112_usf,0.3986785145643292,gamma_123_usf,0.37917458996100484,Nb,0.0
sigma_112_e,Nb,gamma_112_usf,tao_112_iss,0.7219073511456401,gamma_112_usf,0.7008469271720719,tao_112_iss,0.0936121554566967,Nb,0.0
sigma_112_e,Nb,gamma_123_usf,tao_110_iss,0.7175262136438777,gamma_123_usf,0.5958018578745453,tao_110_iss,0.14062322722195245,Nb,0.0
sigma_112_e,Nb,gamma_123_usf,tao_112_iss,0.735667453123993,gamma_123_usf,0.6439000874713416,tao_112_iss,0.12238840040616135,Nb,0.0
sigma_112_e,Ta,Ti,gamma_110_usf,0.7814754694892768,gamma_110_usf,1.0430955010041802,Ti,0.0017823366407819137,Ta,-0.002085936189669945
sigma_112_e,Ta,Ti,gamma_112_usf,0.7868648138489505,gamma_112_usf,1.021915437284334,Ti,0.002522870735560033,Ta,0.0010406534106425652
sigma_112_e,Ta,Ti,gamma_123_usf,0.8020093332734396,gamma_123_usf,1.0489182174151295,Ti,0.0013750679664353606,Ta,-0.0007689480506170316
sigma_112_e,Ta,Mo,gamma_110_usf,0.7709113464654646,gamma_110_usf,0.5216331342359519,Mo,0.27021103969526866,Ta,-0.0034738394067348895
sigma_112_e,Ta,Mo,gamma_112_usf,0.776237000481928,Mo,0.39577752162633645,gamma_112_usf,0.37338232196542637,Ta,-0.012029955555847613
sigma_112_e,Ta,Mo,gamma_123_usf,0.7288511267430393,gamma_123_usf,0.40581836942864086,Mo,0.32006959030585286,Ta,-0.007571092647581702
sigma_112_e,Ta,Hf,gamma_110_usf,0.7380941423270867,gamma_110_usf,0.9988085088739553,Hf,-0.003424422083402991,Ta,-0.003553341659249709
sigma_112_e,Ta,Hf,gamma_112_usf,0.7887795348792453,gamma_112_usf,0.9597325640922044,Hf,-0.0019427205254649875,Ta,-0.004051667040858956
sigma_112_e,Ta,Hf,gamma_123_usf,0.7715253604773529,gamma_123_usf,0.9855530112765422,Hf,-0.0008129598895328644,Ta,-0.005751609552021323
sigma_112_e,Ta,Zr,gamma_110_usf,0.7891159138783262,gamma_110_usf,1.0028924519672633,Zr,-0.005445466191545179,Ta,-0.005630793051105955
sigma_112_e,Ta,Zr,gamma_112_usf,0.7484765408102548,gamma_112_usf,0.9894536209615256,Ta,-0.004939196781658301,Zr,-0.0051575961621517594
sigma_112_e,Ta,Zr,gamma_123_usf,0.7422827230257768,gamma_123_usf,1.0144541478807507,Zr,-0.005086786225629598,Ta,-0.008208658692468762
sigma_112_e,Ta,C11,gamma_112_usf,0.7269805662087016,gamma_112_usf,0.43159933039918746,C11,0.24834531159099682,Ta,-0.008402820476490878
sigma_112_e,Ta,C12,gamma_110_usf,0.7517352081312813,C12,0.3616294972910759,gamma_110_usf,0.3298925639878529,Ta,-0.00446150851610522
sigma_112_e,Ta,C12,gamma_112_usf,0.738879705058623,C12,0.35852402655363713,gamma_112_usf,0.3540988044219684,Ta,-0.005886211575199416
sigma_112_e,Ta,C12,gamma_123_usf,0.7298782432272448,gamma_123_usf,0.44512790149297543,C12,0.3046039734345715,Ta,-0.003588454806113214
sigma_112_e,Ta,C44,gamma_110_usf,0.7240252811755751,gamma_110_usf,0.5815730809213415,C44,0.18579873846538064,Ta,0.002902059358947594
sigma_112_e,Ta,C44,gamma_112_usf,0.7381967094198684,gamma_112_usf,0.5552898220888061,C44,0.19693652393539351,Ta,0.0030357017443974773
sigma_112_e,Ta,C44,gamma_123_usf,0.7813224637799284,gamma_123_usf,0.6189166398749445,C44,0.18762902155073322,Ta,0.0033533166443586795
sigma_112_e,Ta,Ecoh_(eV),gamma_110_usf,0.7682661227576949,gamma_110_usf,0.9569610842613846,Ecoh_(eV),0.0023904073164388562,Ta,-0.0005554855514722836
sigma_112_e,Ta,Ecoh_(eV),gamma_112_usf,0.7886325919048454,gamma_112_usf,1.060260011768633,Ecoh_(eV),0.0007378806802965677,Ta,-0.0008346816637161391
sigma_112_e,Ta,Ecoh_(eV),gamma_123_usf,0.7793238297625052,gamma_123_usf,1.092929682134695,Ecoh_(eV),0.0012387021002922226,Ta,-0.0028280039547422804
sigma_112_e,Ta,gamma_110_usf,gamma_112_usf,0.7633571256559529,gamma_110_usf,0.4456209114290723,gamma_112_usf,0.34642250668773505,Ta,-0.00131105983572769
sigma_112_e,Ta,gamma_110_usf,gamma_123_usf,0.7997419299980519,gamma_123_usf,0.3963915967652027,gamma_110_usf,0.38791736749698663,Ta,-0.0004766755637495499
sigma_112_e,Ta,gamma_110_usf,tao_112_iss,0.7651480929247554,gamma_110_usf,0.5887695344442992,tao_112_iss,0.1518031741097476,Ta,-0.004123415363118379
sigma_112_e,Ta,gamma_112_usf,gamma_123_usf,0.792891309666743,gamma_112_usf,0.48312927546487755,gamma_123_usf,0.3037132864423207,Ta,0.00016315183404821198
sigma_112_e,Ta,gamma_123_usf,tao_110_iss,0.7486379521117121,gamma_123_usf,0.6842273041069734,tao_110_iss,0.11728167054223171,Ta,-0.0007938100398280835
sigma_112_e,Ti,Mo,gamma_110_usf,0.7750236978520113,gamma_110_usf,0.45850926860160546,Mo,0.30126614507592175,Ti,0.0028511922938269374
sigma_112_e,Ti,Mo,gamma_112_usf,0.7721783782294577,gamma_112_usf,0.46454262074115954,Mo,0.3587623751725784,Ti,0.003866340999717439
sigma_112_e,Ti,Mo,gamma_123_usf,0.7837716914617491,gamma_123_usf,0.4380994410748568,Mo,0.3610145376998308,Ti,0.00017303623064094525
sigma_112_e,Ti,Hf,gamma_110_usf,0.7718022571258016,gamma_110_usf,0.9949595617959183,Ti,0.0018714378963775359,Hf,0.0007803846044849889
sigma_112_e,Ti,Hf,gamma_112_usf,0.7539046590291263,gamma_112_usf,1.0153146291353727,Ti,0.0023269630123382476,Hf,0.0008764473766744387
sigma_112_e,Ti,Hf,gamma_123_usf,0.7679229358037237,gamma_123_usf,0.963464264925543,Ti,0.0038437986547789973,Hf,0.0004214772048941495
sigma_112_e,Ti,Zr,gamma_110_usf,0.7873072450396111,gamma_110_usf,1.0400962373115699,Zr,0.0013006857489134508,Ti,0.0012652082814936145
sigma_112_e,Ti,Zr,gamma_112_usf,0.7690871697491547,gamma_112_usf,1.0457546414935575,Ti,0.00035204555647124397,Zr,-0.00198383667948502
sigma_112_e,Ti,Zr,gamma_123_usf,0.7694407114115448,gamma_123_usf,1.0552715818260194,Ti,-0.00020194901081842473,Zr,-0.0010058684890944017
sigma_112_e,Ti,C11,gamma_112_usf,0.727070543713488,gamma_112_usf,0.4080074007586922,C11,0.29362607132824065,Ti,0.003218626107502176
sigma_112_e,Ti,C11,gamma_123_usf,0.711628818168923,gamma_123_usf,0.4669601830155774,C11,0.29287656160963993,Ti,0.0037265641746561176
sigma_112_e,Ti,C12,gamma_110_usf,0.7630536938385443,C12,0.44782454761086293,gamma_110_usf,0.2852124188637113,Ti,0.0011543490866444198
sigma_112_e,Ti,C12,gamma_112_usf,0.7721083626012488,gamma_112_usf,0.40012240561220724,C12,0.366676180724493,Ti,-0.0005003782190772752
sigma_112_e,Ti,C12,gamma_123_usf,0.7518139283597466,gamma_123_usf,0.48675650137255616,C12,0.28684915414424583,Ti,0.0022531595588147096
sigma_112_e,Ti,C44,gamma_110_usf,0.7426165892214204,gamma_110_usf,0.621037258946375,C44,0.1493699464080221,Ti,0.0005845482930789658
sigma_112_e,Ti,C44,gamma_123_usf,0.7149885749759196,gamma_123_usf,0.7113765061125615,C44,0.13503533852955887,Ti,0.0030696984123282415
sigma_112_e,Ti,Ecoh_(eV),gamma_110_usf,0.7888064485285023,gamma_110_usf,1.0679654457047858,Ti,0.0009040636940741651,Ecoh_(eV),0.0005882804878351323
sigma_112_e,Ti,Ecoh_(eV),gamma_112_usf,0.7537966622149265,gamma_112_usf,1.1341571146343963,Ecoh_(eV),0.0011378927088663351,Ti,0.0011372790623223837
sigma_112_e,Ti,Ecoh_(eV),gamma_123_usf,0.7654157132693612,gamma_123_usf,1.0497826717422774,Ti,0.003008403382796905,Ecoh_(eV),-0.0001934724060083104
sigma_112_e,Ti,gamma_110_usf,gamma_112_usf,0.7568834878379739,gamma_112_usf,0.40848428607387594,gamma_110_usf,0.3686049307734809,Ti,8.858018863298438e-05
sigma_112_e,Ti,gamma_110_usf,gamma_123_usf,0.7764807842265967,gamma_110_usf,0.4078972956068953,gamma_123_usf,0.4016128170100531,Ti,-0.0001317585871938772
sigma_112_e,Ti,gamma_110_usf,tao_110_iss,0.7450336180775602,gamma_110_usf,0.6531579831457843,tao_110_iss,0.16312175853401975,Ti,0.0028466445801923874
sigma_112_e,Ti,gamma_112_usf,gamma_123_usf,0.8098715422675195,gamma_112_usf,0.4736206975342257,gamma_123_usf,0.3382144163764622,Ti,0.0016726742992713265
sigma_112_e,Ti,gamma_112_usf,tao_110_iss,0.7187137076142105,gamma_112_usf,0.6236850393687237,tao_110_iss,0.16776519193674366,Ti,0.0009577355024230813
sigma_112_e,Ti,gamma_112_usf,tao_112_iss,0.7195482072670587,gamma_112_usf,0.744741425679718,tao_112_iss,0.12047825439197636,Ti,-7.011022238830045e-06
sigma_112_e,Ti,gamma_123_usf,tao_110_iss,0.7331241425972007,gamma_123_usf,0.711422476476652,tao_110_iss,0.10773400990590998,Ti,0.0006484283251611314
sigma_112_e,Ti,gamma_123_usf,tao_112_iss,0.7203290694251351,gamma_123_usf,0.6071126136813966,tao_112_iss,0.1335397296883301,Ti,-0.00037160134861813815
sigma_112_e,Mo,Hf,gamma_110_usf,0.7430589704023088,gamma_110_usf,0.49627444203606297,Mo,0.32291089113207233,Hf,0.001380183441612546
sigma_112_e,Mo,Hf,gamma_112_usf,0.7573420235301187,gamma_112_usf,0.42791439884713983,Mo,0.3407601155572784,Hf,0.01037770798502805
sigma_112_e,Mo,Hf,gamma_123_usf,0.7644310293315469,gamma_123_usf,0.5277203442182737,Mo,0.30051943658261876,Hf,0.0018854264723990905
sigma_112_e,Mo,Zr,gamma_110_usf,0.7463678931928285,gamma_110_usf,0.6246002683755475,Mo,0.23478592243716576,Zr,-0.0027084973853989582
sigma_112_e,Mo,Zr,gamma_112_usf,0.7614218020176434,Mo,0.4225119151532173,gamma_112_usf,0.38851566185171826,Zr,-0.0005523961650842223
sigma_112_e,Mo,Zr,gamma_123_usf,0.7229821652428794,gamma_123_usf,0.4515768369999676,Mo,0.36221418517141335,Zr,-0.002750057398071435
sigma_112_e,Mo,C12,gamma_110_usf,0.7409307780168451,gamma_110_usf,0.23243043654897744,Mo,0.21317355875745372,C12,0.19671992295766647
sigma_112_e,Mo,C12,gamma_112_usf,0.7425560331735123,gamma_112_usf,0.26091839823914476,Mo,0.2533342694164028,C12,0.1406109291352684
sigma_112_e,Mo,C12,gamma_123_usf,0.7497516562815362,Mo,0.23986853933229998,gamma_123_usf,0.23539027890250322,C12,0.20320267866171696
sigma_112_e,Mo,C44,gamma_110_usf,0.7111679286914715,gamma_110_usf,0.2670608468666391,Mo,0.22843286091395523,C44,0.1506892103261412
sigma_112_e,Mo,C44,gamma_112_usf,0.7461750865924951,Mo,0.3235063991909229,gamma_112_usf,0.2644697632333249,C44,0.0763096307858195
sigma_112_e,Mo,Ecoh_(eV),gamma_110_usf,0.7628391352057514,gamma_110_usf,0.47058334385445416,Mo,0.3051567066521735,Ecoh_(eV),0.004288218380277121
sigma_112_e,Mo,Ecoh_(eV),gamma_112_usf,0.7679632571151075,gamma_112_usf,0.41516468020819786,Mo,0.35503596717114844,Ecoh_(eV),0.0023382960691410944
sigma_112_e,Mo,Ecoh_(eV),gamma_123_usf,0.7542119547098459,Mo,0.37951586745633986,gamma_123_usf,0.3695093258840247,Ecoh_(eV),0.003776491317076603
sigma_112_e,Mo,gamma_110_usf,gamma_112_usf,0.7903912982316105,Mo,0.3132113904577036,gamma_112_usf,0.23006971971460263,gamma_110_usf,0.1794497992658843
sigma_112_e,Mo,gamma_110_usf,gamma_123_usf,0.7914703277121101,Mo,0.34657725424027414,gamma_110_usf,0.24170957453490494,gamma_123_usf,0.13574715108842278
sigma_112_e,Mo,gamma_112_usf,gamma_123_usf,0.7842423136256733,gamma_112_usf,0.28637542068465677,gamma_123_usf,0.275307007204059,Mo,0.18524957664055972
sigma_112_e,Mo,gamma_112_usf,tao_110_iss,0.7596378944184629,gamma_112_usf,0.31355824765353735,Mo,0.22342988347400214,tao_110_iss,0.1270384830785441
sigma_112_e,Mo,gamma_112_usf,tao_112_iss,0.7517831907671159,Mo,0.33563752426418225,gamma_112_usf,0.23833281794947872,tao_112_iss,0.10294570592907937
sigma_112_e,Mo,gamma_123_usf,tao_110_iss,0.7348607493197531,Mo,0.33839100100678854,gamma_123_usf,0.3180793627576766,tao_110_iss,0.0865118333247788
sigma_112_e,Mo,gamma_123_usf,tao_112_iss,0.7202514652252359,Mo,0.310818235480078,gamma_123_usf,0.29786216164240836,tao_112_iss,0.061887255895868847
sigma_112_e,Hf,Zr,gamma_110_usf,0.74478526561149,gamma_110_usf,0.9171393588120337,Hf,0.0019613772955061758,Zr,-0.0003047868797472263
sigma_112_e,Hf,Zr,gamma_112_usf,0.7648360101507374,gamma_112_usf,1.0472018569333257,Zr,0.000551925086867522,Hf,-0.0005261879902566203
sigma_112_e,Hf,Zr,gamma_123_usf,0.7588443206091074,gamma_123_usf,0.9670672452673323,Zr,0.0011704795287218238,Hf,0.00033148558928962975
sigma_112_e,Hf,C12,gamma_110_usf,0.7858903667947762,gamma_110_usf,0.5166562815486585,C12,0.3337645681146575,Hf,-0.0008780592191212078
sigma_112_e,Hf,C12,gamma_112_usf,0.7465344523705274,gamma_112_usf,0.370411250380343,C12,0.3195784444171437,Hf,0.013258534804838788
sigma_112_e,Hf,C12,gamma_123_usf,0.7410527601516682,gamma_123_usf,0.44869792140698733,C12,0.3038430440203691,Hf,0.009106298888273868
sigma_112_e,Hf,C44,gamma_110_usf,0.7177737304241222,gamma_110_usf,0.6991446943860079,C44,0.12202411779632032,Hf,0.004418710994469974
sigma_112_e,Hf,C44,gamma_112_usf,0.7227041118065413,gamma_112_usf,0.6292327847573299,C44,0.15438969394734817,Hf,0.006960647434632854
sigma_112_e,Hf,Ecoh_(eV),gamma_110_usf,0.7281520972420436,gamma_110_usf,1.0347357322056645,Ecoh_(eV),0.0033229936517269304,Hf,0.0009299516167081104
sigma_112_e,Hf,Ecoh_(eV),gamma_112_usf,0.7711366483549461,gamma_112_usf,0.9656507176748064,Ecoh_(eV),0.0019677695492858007,Hf,-0.0047857323377924225
sigma_112_e,Hf,Ecoh_(eV),gamma_123_usf,0.7607942013321972,gamma_123_usf,1.0060951705948646,Ecoh_(eV),0.0013558293847830787,Hf,-0.0001740704030329295
sigma_112_e,Hf,gamma_110_usf,gamma_112_usf,0.7708030512936234,gamma_112_usf,0.4226350638251901,gamma_110_usf,0.35504385653232157,Hf,0.005382915207495783
sigma_112_e,Hf,gamma_110_usf,gamma_123_usf,0.7641800411109849,gamma_123_usf,0.4313074398165257,gamma_110_usf,0.37680321127147814,Hf,0.0020283990828942216
sigma_112_e,Hf,gamma_110_usf,tao_110_iss,0.7354222675039827,gamma_110_usf,0.693194609863689,tao_110_iss,0.11076011309030571,Hf,-0.0022280952978261594
sigma_112_e,Hf,gamma_112_usf,gamma_123_usf,0.8026370302029857,gamma_112_usf,0.4121802951451509,gamma_123_usf,0.352081056913629,Hf,0.0033812958831588124
sigma_112_e,Hf,gamma_123_usf,tao_110_iss,0.7143952481202943,gamma_123_usf,0.6599198712825659,tao_110_iss,0.09675699459694648,Hf,0.0003332196774783478
sigma_112_e,Hf,gamma_123_usf,tao_112_iss,0.7465058589442894,gamma_123_usf,0.5972457829744235,tao_112_iss,0.11368188713844934,Hf,-0.0006547589095758795
sigma_112_e,Zr,C12,gamma_110_usf,0.7538285930632199,gamma_110_usf,0.44153431131787246,C12,0.3175201700233233,Zr,-0.0007378627194849211
sigma_112_e,Zr,C12,gamma_112_usf,0.7621830885464477,gamma_112_usf,0.4870043986432154,C12,0.2864549541525406,Zr,-0.0009757438261663887
sigma_112_e,Zr,C12,gamma_123_usf,0.7767744536890723,C12,0.42047809658296903,gamma_123_usf,0.370696787612186,Zr,-0.0018437875364155911
sigma_112_e,Zr,C44,gamma_112_usf,0.7249287305066523,gamma_112_usf,0.5275089285001392,C44,0.21866379904583355,Zr,0.003565111209737916
sigma_112_e,Zr,C44,gamma_123_usf,0.7421750927465723,gamma_123_usf,0.6322869270321766,C44,0.15307110877914185,Zr,0.0015036509808697147
sigma_112_e,Zr,Ecoh_(eV),gamma_110_usf,0.7842746416705646,gamma_110_usf,0.9622593006168785,Zr,0.0011115663835292368,Ecoh_(eV),0.0011088695381392885
sigma_112_e,Zr,Ecoh_(eV),gamma_112_usf,0.7677033742113498,gamma_112_usf,1.0363573669294148,Ecoh_(eV),0.0009491019436300105,Zr,-0.0005284830732297117
sigma_112_e,Zr,Ecoh_(eV),gamma_123_usf,0.7997884075495479,gamma_123_usf,1.0337419672802066,Ecoh_(eV),0.002113678446719313,Zr,-0.0004995501966208791
sigma_112_e,Zr,gamma_110_usf,gamma_112_usf,0.7832620085553424,gamma_112_usf,0.41277623252037493,gamma_110_usf,0.3312549551863014,Zr,0.0004832974496347159
sigma_112_e,Zr,gamma_110_usf,gamma_123_usf,0.7828317691518075,gamma_110_usf,0.3953753476573512,gamma_123_usf,0.36660626838714644,Zr,0.0001287968703002244
sigma_112_e,Zr,gamma_112_usf,gamma_123_usf,0.7537555340460741,gamma_112_usf,0.4231793276674119,gamma_123_usf,0.36096987435888045,Zr,0.0002856293814868786
sigma_112_e,Zr,gamma_112_usf,tao_112_iss,0.7277103943054768,gamma_112_usf,0.6422913702271073,tao_112_iss,0.13584957155656183,Zr,0.0018775833726128236
sigma_112_e,Zr,gamma_123_usf,tao_110_iss,0.735974475751943,gamma_123_usf,0.6310185712729234,tao_110_iss,0.09001943554388682,Zr,-0.0017945373829115763
sigma_112_e,C11,C12,gamma_110_usf,0.7395790334606027,gamma_110_usf,0.27368823941536763,C12,0.25733330879779465,C11,0.16236138175962864
sigma_112_e,C11,C12,gamma_112_usf,0.733735358263521,gamma_112_usf,0.2695351548175466,C12,0.2593994515570574,C11,0.09252302784885182
sigma_112_e,C11,C12,gamma_123_usf,0.7257678915273266,C12,0.22720806905117208,C11,0.20743357898220158,gamma_123_usf,0.179650421756266
sigma_112_e,C11,C44,gamma_112_usf,0.7334106274175922,C11,0.2716770318860844,gamma_112_usf,0.2709452800470138,C44,0.11142702551830495
sigma_112_e,C11,C44,gamma_123_usf,0.7121809111120548,gamma_123_usf,0.31427639107048844,C11,0.2099506745405575,C44,0.12286893088720786
sigma_112_e,C11,Ecoh_(eV),gamma_112_usf,0.7176059829783333,gamma_112_usf,0.43711266726157744,C11,0.2558227036690613,Ecoh_(eV),0.001299773143861244
sigma_112_e,C11,gamma_110_usf,gamma_112_usf,0.7556099633468848,gamma_110_usf,0.29168982813339256,gamma_112_usf,0.25072071061501494,C11,0.10509236356518498
sigma_112_e,C11,gamma_110_usf,gamma_123_usf,0.7146766704330836,gamma_110_usf,0.29845939729486853,gamma_123_usf,0.2447450846924333,C11,0.14922282797157188
sigma_112_e,C11,gamma_112_usf,gamma_123_usf,0.7489689622828513,gamma_123_usf,0.243957592058594,gamma_112_usf,0.23280375721657484,C11,0.16043481600457685
sigma_112_e,C11,gamma_123_usf,tao_112_iss,0.7102990788709103,gamma_123_usf,0.2875057121477436,C11,0.22471106782270708,tao_112_iss,0.09774771097511416
sigma_112_e,C12,C44,gamma_112_usf,0.7185642714816614,C12,0.2878480388780947,gamma_112_usf,0.2835704005038736,C44,0.0976820104236809
sigma_112_e,C12,C44,gamma_123_usf,0.7363036158610209,gamma_123_usf,0.2939107423846303,C12,0.2791878708723863,C44,0.10227298343747733
sigma_112_e,C12,Ecoh_(eV),gamma_110_usf,0.7402568785253966,gamma_110_usf,0.4791902944436494,C12,0.310976653460313,Ecoh_(eV),0.0008257695209391222
sigma_112_e,C12,Ecoh_(eV),gamma_112_usf,0.7683686184324188,C12,0.4102213678530968,gamma_112_usf,0.39270558338562617,Ecoh_(eV),-0.0007248296877810576
sigma_112_e,C12,Ecoh_(eV),gamma_123_usf,0.7759756843380344,gamma_123_usf,0.4446622489588794,C12,0.2996199287410634,Ecoh_(eV),0.0033036810649551135
sigma_112_e,C12,gamma_110_usf,gamma_112_usf,0.7925715048955762,C12,0.3369977874738619,gamma_110_usf,0.22516377619345018,gamma_112_usf,0.1456617912799706
sigma_112_e,C12,gamma_110_usf,gamma_123_usf,0.746635307306529,gamma_110_usf,0.3036039244797695,gamma_123_usf,0.22305454256386872,C12,0.20000574396821477
sigma_112_e,C12,gamma_110_usf,tao_110_iss,0.7372132802949606,gamma_110_usf,0.3440110298926276,C12,0.28036541996490577,tao_110_iss,0.07147180376298246
sigma_112_e,C12,gamma_110_usf,tao_112_iss,0.7397684256562164,gamma_110_usf,0.35058316416045293,C12,0.3254458491002173,tao_112_iss,0.04402490578285793
sigma_112_e,C12,gamma_112_usf,gamma_123_usf,0.7767146138323996,C12,0.25193854727269777,gamma_123_usf,0.23306059116174213,gamma_112_usf,0.21903710285184944
sigma_112_e,C12,gamma_112_usf,tao_110_iss,0.7210553953906005,C12,0.31797175274000894,gamma_112_usf,0.29323526573385766,tao_110_iss,0.07428326913184798
sigma_112_e,C12,gamma_112_usf,tao_112_iss,0.7550996295597102,C12,0.3486848449921686,gamma_112_usf,0.28995986625251713,tao_112_iss,0.05759321806232894
sigma_112_e,C12,gamma_123_usf,tao_110_iss,0.7595796269934153,gamma_123_usf,0.33180250025992214,C12,0.2918510673774144,tao_110_iss,0.08647733763699922
sigma_112_e,C12,gamma_123_usf,tao_112_iss,0.7731058314875209,C12,0.36771834032790296,gamma_123_usf,0.3515827680265245,tao_112_iss,0.04123192012277757
sigma_112_e,C44,Ecoh_(eV),gamma_112_usf,0.7354936511665149,gamma_112_usf,0.7022567318579914,C44,0.14804890300235257,Ecoh_(eV),0.0005744817942249884
sigma_112_e,C44,Ecoh_(eV),gamma_123_usf,0.7156754721686388,gamma_123_usf,0.7498282325542016,C44,0.08988463439167083,Ecoh_(eV),-0.0030342043394375622
sigma_112_e,C44,gamma_110_usf,gamma_112_usf,0.7700339583050799,gamma_110_usf,0.39258065574982326,gamma_112_usf,0.2499757650510711,C44,0.12142967617649432
sigma_112_e,C44,gamma_110_usf,gamma_123_usf,0.7241062453523549,gamma_110_usf,0.2828098492770313,gamma_123_usf,0.26149068350071725,C44,0.13844915775917357
sigma_112_e,C44,gamma_110_usf,tao_110_iss,0.7164771774743729,gamma_110_usf,0.5768084616791685,C44,0.1064060794680739,tao_110_iss,0.0820599715362428
sigma_112_e,C44,gamma_110_usf,tao_112_iss,0.715527664074708,gamma_110_usf,0.5484982393412469,C44,0.15140484324094775,tao_112_iss,0.031174993726580003
sigma_112_e,C44,gamma_112_usf,gamma_123_usf,0.7751407161357601,gamma_123_usf,0.3564806555791338,gamma_112_usf,0.23121744092497018,C44,0.12964391801344147
sigma_112_e,C44,gamma_123_usf,tao_112_iss,0.7567531180976291,gamma_123_usf,0.5477591614955898,C44,0.12368340328870746,tao_112_iss,0.06800078645398462
sigma_112_e,Ecoh_(eV),gamma_110_usf,gamma_112_usf,0.8017713831776452,gamma_110_usf,0.4772893319681613,gamma_112_usf,0.30145886443115344,Ecoh_(eV),0.0031033718896766502
sigma_112_e,Ecoh_(eV),gamma_110_usf,gamma_123_usf,0.7514115807901506,gamma_110_usf,0.4312961390914059,gamma_123_usf,0.37431033472859093,Ecoh_(eV),-0.0006455073711744581
sigma_112_e,Ecoh_(eV),gamma_112_usf,gamma_123_usf,0.7817446035471952,gamma_123_usf,0.4319258628030766,gamma_112_usf,0.37155452866526756,Ecoh_(eV),0.0011159327402070485
sigma_112_e,Ecoh_(eV),gamma_112_usf,tao_112_iss,0.7278724798435641,gamma_112_usf,0.7770966926661863,tao_112_iss,0.08793443997237328,Ecoh_(eV),-0.0006993119846719584
sigma_112_e,gamma_110_usf,gamma_112_usf,gamma_123_usf,0.7974873876814313,gamma_123_usf,0.34651888778831613,gamma_110_usf,0.2007845974253422,gamma_112_usf,0.1905809727108562
sigma_112_e,gamma_110_usf,gamma_112_usf,tao_110_iss,0.7634121966643246,gamma_112_usf,0.35639002685835064,gamma_110_usf,0.26069079544603313,tao_110_iss,0.09477565195931942
sigma_112_e,gamma_110_usf,gamma_112_usf,tao_112_iss,0.7586167186747358,gamma_112_usf,0.33550935277949484,gamma_110_usf,0.308463275520983,tao_112_iss,0.0674983019957458
sigma_112_e,gamma_110_usf,gamma_123_usf,tao_110_iss,0.76242432992674,gamma_110_usf,0.3334646901192531,gamma_123_usf,0.27133000553204806,tao_110_iss,0.07516093200110473
sigma_112_e,gamma_110_usf,gamma_123_usf,tao_112_iss,0.7486336309142047,gamma_110_usf,0.3940481705157699,gamma_123_usf,0.2835132819422172,tao_112_iss,0.05571264929541107
sigma_112_e,gamma_112_usf,gamma_123_usf,tao_110_iss,0.763984393707993,gamma_123_usf,0.3477680586235421,gamma_112_usf,0.33516096288915603,tao_110_iss,0.04523672159956768
sigma_112_e,gamma_112_usf,gamma_123_usf,tao_112_iss,0.7198473222541325,gamma_123_usf,0.32840362548112645,gamma_112_usf,0.29435020810409845,tao_112_iss,0.07144345305967575
sigma_112_s,Ti,Zr,a0,0.7111426407586655,a0,1.4130270086813732,Zr,-0.00046212433251859443,Ti,-0.002424094071587816
sigma_112_s,Zr,a0,Ecoh_(eV),0.7196455557334126,a0,1.2198539932938983,Zr,0.001725520577527218,Ecoh_(eV),-0.0021189874963683706
sigma_123_e,Nb,Mo,C44,0.788029801942551,Mo,0.5652801654647039,C44,0.29087813208479046,Nb,0.0
sigma_123_e,Ti,Mo,C44,0.7557430032854967,Mo,0.472203921809784,C44,0.21671337148184966,Ti,0.005971213146786662
sigma_123_e,Mo,Hf,C44,0.7952639735750625,Mo,0.663663616282305,C44,0.2737380910855436,Hf,0.023582102470101274
sigma_123_e,Mo,C44,gamma_123_usf,0.7176404135632226,Mo,0.28088909251118516,gamma_123_usf,0.20635217091184732,C44,0.13179995915387563
